"DESCRIPTION","DURATION IN MS","NAME","PARENT SUITE","START TIME","STATUS","STOP TIME","SUB SUITE","SUITE","TEST CLASS","TEST METHOD"
"","2","testUpdateOwnAccount_UploadFileNull()","","Thu Dec 18 06:31:44 UTC 2025","passed","Thu Dec 18 06:31:44 UTC 2025","","com.phegon.FoodApp.unit.UserServiceImplTest","com.phegon.FoodApp.unit.UserServiceImplTest","testUpdateOwnAccount_UploadFileNull"
"","4","testInitializePayment_AmountZero()","","Thu Dec 18 06:31:43 UTC 2025","passed","Thu Dec 18 06:31:43 UTC 2025","","com.phegon.FoodApp.unit.PaymentServiceImplTest","com.phegon.FoodApp.unit.PaymentServiceImplTest","testInitializePayment_AmountZero"
"","3","testUpdatePayment_SavePaymentThrows()","","Thu Dec 18 06:31:43 UTC 2025","passed","Thu Dec 18 06:31:43 UTC 2025","","com.phegon.FoodApp.unit.PaymentServiceImplTest","com.phegon.FoodApp.unit.PaymentServiceImplTest","testUpdatePayment_SavePaymentThrows"
"","1","createMenu_ImageNull()","","Thu Dec 18 06:31:44 UTC 2025","passed","Thu Dec 18 06:31:44 UTC 2025","","CREATE MENU TESTS","com.phegon.FoodApp.unit.MenuServiceImplTest$CreateMenuTests","createMenu_ImageNull"
"","4","testGetOrdersOfUser_Success()","","Thu Dec 18 06:31:43 UTC 2025","passed","Thu Dec 18 06:31:43 UTC 2025","","com.phegon.FoodApp.unit.OrderServiceImplTest.GetOrdersOfUserTests","com.phegon.FoodApp.unit.OrderServiceImplTest$GetOrdersOfUserTests","testGetOrdersOfUser_Success"
"","8","testUpdateOrderStatus_SaveThrows()","","Thu Dec 18 06:31:43 UTC 2025","passed","Thu Dec 18 06:31:43 UTC 2025","","com.phegon.FoodApp.unit.OrderServiceImplTest.UpdateOrderStatusTests","com.phegon.FoodApp.unit.OrderServiceImplTest$UpdateOrderStatusTests","testUpdateOrderStatus_SaveThrows"
"","3","createMenu_UploadFails()","","Thu Dec 18 06:31:44 UTC 2025","passed","Thu Dec 18 06:31:44 UTC 2025","","CREATE MENU TESTS","com.phegon.FoodApp.unit.MenuServiceImplTest$CreateMenuTests","createMenu_UploadFails"
"","4","updateCategory_UpdateNameField()","","Thu Dec 18 06:31:42 UTC 2025","passed","Thu Dec 18 06:31:42 UTC 2025","","com.phegon.FoodApp.unit.CategoryServiceImplTest.UpdateCategoryTests","com.phegon.FoodApp.unit.CategoryServiceImplTest$UpdateCategoryTests","updateCategory_UpdateNameField"
"","5","testPlaceOrder_OrderRepositorySaveThrows()","","Thu Dec 18 06:31:43 UTC 2025","passed","Thu Dec 18 06:31:43 UTC 2025","","com.phegon.FoodApp.unit.OrderServiceImplTest.PlaceOrderFromCartTests","com.phegon.FoodApp.unit.OrderServiceImplTest$PlaceOrderFromCartTests","testPlaceOrder_OrderRepositorySaveThrows"
"","3","updateMenu_ModelMapperFails()","","Thu Dec 18 06:31:44 UTC 2025","passed","Thu Dec 18 06:31:44 UTC 2025","","UPDATE MENU TESTS","com.phegon.FoodApp.unit.MenuServiceImplTest$UpdateMenuTests","updateMenu_ModelMapperFails"
"","3","testRegisterMissingPhoneNumber()","","Thu Dec 18 06:31:42 UTC 2025","passed","Thu Dec 18 06:31:42 UTC 2025","","com.phegon.FoodApp.unit.AuthServiceImplTest","com.phegon.FoodApp.unit.AuthServiceImplTest","testRegisterMissingPhoneNumber"
"","2","testUpdateOwnAccount_InvalidPhoneNumber_TooShort()","","Thu Dec 18 06:31:44 UTC 2025","passed","Thu Dec 18 06:31:44 UTC 2025","","com.phegon.FoodApp.unit.UserServiceImplTest","com.phegon.FoodApp.unit.UserServiceImplTest","testUpdateOwnAccount_InvalidPhoneNumber_TooShort"
"","2","testUpdateOwnAccount_EmptyImageUpload()","","Thu Dec 18 06:31:44 UTC 2025","passed","Thu Dec 18 06:31:44 UTC 2025","","com.phegon.FoodApp.unit.UserServiceImplTest","com.phegon.FoodApp.unit.UserServiceImplTest","testUpdateOwnAccount_EmptyImageUpload"
"","2","updateRole_ModelMapperFails()","","Thu Dec 18 06:31:43 UTC 2025","passed","Thu Dec 18 06:31:43 UTC 2025","","UPDATE ROLE TESTS","com.phegon.FoodApp.unit.RoleServiceImplTest$UpdateRoleTests","updateRole_ModelMapperFails"
"","4","testGetPaymentById_NotFound()","","Thu Dec 18 06:31:43 UTC 2025","passed","Thu Dec 18 06:31:43 UTC 2025","","com.phegon.FoodApp.unit.PaymentServiceImplTest","com.phegon.FoodApp.unit.PaymentServiceImplTest","testGetPaymentById_NotFound"
"","5","updateMenu_OldImageNull_NoDelete()","","Thu Dec 18 06:31:44 UTC 2025","passed","Thu Dec 18 06:31:44 UTC 2025","","UPDATE MENU TESTS","com.phegon.FoodApp.unit.MenuServiceImplTest$UpdateMenuTests","updateMenu_OldImageNull_NoDelete"
"","6","testPlaceOrder_OrderItemsSavedCorrectly()","","Thu Dec 18 06:31:43 UTC 2025","passed","Thu Dec 18 06:31:43 UTC 2025","","com.phegon.FoodApp.unit.OrderServiceImplTest.PlaceOrderFromCartTests","com.phegon.FoodApp.unit.OrderServiceImplTest$PlaceOrderFromCartTests","testPlaceOrder_OrderItemsSavedCorrectly"
"","2","getAllRoles_ModelMapperFails()","","Thu Dec 18 06:31:43 UTC 2025","passed","Thu Dec 18 06:31:43 UTC 2025","","GET ALL ROLES TESTS","com.phegon.FoodApp.unit.RoleServiceImplTest$GetAllRolesTests","getAllRoles_ModelMapperFails"
"","2","testDeactivateOwnAccount_UserNotFound()","","Thu Dec 18 06:31:44 UTC 2025","passed","Thu Dec 18 06:31:44 UTC 2025","","com.phegon.FoodApp.unit.UserServiceImplTest","com.phegon.FoodApp.unit.UserServiceImplTest","testDeactivateOwnAccount_UserNotFound"
"","7","getCategoryById_NotFound()","","Thu Dec 18 06:31:42 UTC 2025","passed","Thu Dec 18 06:31:42 UTC 2025","","com.phegon.FoodApp.unit.CategoryServiceImplTest.GetCategoryByIdTests","com.phegon.FoodApp.unit.CategoryServiceImplTest$GetCategoryByIdTests","getCategoryById_NotFound"
"","6","getMenuById_Success()","","Thu Dec 18 06:31:44 UTC 2025","passed","Thu Dec 18 06:31:44 UTC 2025","","GET MENU BY ID TESTS","com.phegon.FoodApp.unit.MenuServiceImplTest$GetMenuByIdTests","getMenuById_Success"
"","4","testPlaceOrder_UserHasNoAddress()","","Thu Dec 18 06:31:43 UTC 2025","passed","Thu Dec 18 06:31:43 UTC 2025","","com.phegon.FoodApp.unit.OrderServiceImplTest.PlaceOrderFromCartTests","com.phegon.FoodApp.unit.OrderServiceImplTest$PlaceOrderFromCartTests","testPlaceOrder_UserHasNoAddress"
"","4","testRegister_MultipleRoles_OneInvalid()","","Thu Dec 18 06:31:42 UTC 2025","passed","Thu Dec 18 06:31:42 UTC 2025","","com.phegon.FoodApp.unit.AuthServiceImplTest","com.phegon.FoodApp.unit.AuthServiceImplTest","testRegister_MultipleRoles_OneInvalid"
"","4","testUpdatePayment_Success()","","Thu Dec 18 06:31:43 UTC 2025","passed","Thu Dec 18 06:31:43 UTC 2025","","com.phegon.FoodApp.unit.PaymentServiceImplTest","com.phegon.FoodApp.unit.PaymentServiceImplTest","testUpdatePayment_Success"
"","4","spec_SearchOnly()","","Thu Dec 18 06:31:44 UTC 2025","passed","Thu Dec 18 06:31:44 UTC 2025","","BUILD SPECIFICATION TESTS (FULL FIX)","com.phegon.FoodApp.unit.MenuServiceImplTest$BuildSpecificationTests","spec_SearchOnly"
"","4","updateRole_SaveFails()","","Thu Dec 18 06:31:43 UTC 2025","passed","Thu Dec 18 06:31:43 UTC 2025","","UPDATE ROLE TESTS","com.phegon.FoodApp.unit.RoleServiceImplTest$UpdateRoleTests","updateRole_SaveFails"
"","8","updateCategory_SaveFails()","","Thu Dec 18 06:31:42 UTC 2025","passed","Thu Dec 18 06:31:42 UTC 2025","","com.phegon.FoodApp.unit.CategoryServiceImplTest.UpdateCategoryTests","com.phegon.FoodApp.unit.CategoryServiceImplTest$UpdateCategoryTests","updateCategory_SaveFails"
"","3","testLoginInactiveUser()","","Thu Dec 18 06:31:42 UTC 2025","passed","Thu Dec 18 06:31:42 UTC 2025","","com.phegon.FoodApp.unit.AuthServiceImplTest","com.phegon.FoodApp.unit.AuthServiceImplTest","testLoginInactiveUser"
"","2","createMenu_Success()","","Thu Dec 18 06:31:44 UTC 2025","passed","Thu Dec 18 06:31:44 UTC 2025","","CREATE MENU TESTS","com.phegon.FoodApp.unit.MenuServiceImplTest$CreateMenuTests","createMenu_Success"
"","5","updateCategory_UpdateDescriptionField()","","Thu Dec 18 06:31:42 UTC 2025","passed","Thu Dec 18 06:31:42 UTC 2025","","com.phegon.FoodApp.unit.CategoryServiceImplTest.UpdateCategoryTests","com.phegon.FoodApp.unit.CategoryServiceImplTest$UpdateCategoryTests","updateCategory_UpdateDescriptionField"
"","3","testPlaceOrder_CartNotFound()","","Thu Dec 18 06:31:43 UTC 2025","passed","Thu Dec 18 06:31:43 UTC 2025","","com.phegon.FoodApp.unit.OrderServiceImplTest.PlaceOrderFromCartTests","com.phegon.FoodApp.unit.OrderServiceImplTest$PlaceOrderFromCartTests","testPlaceOrder_CartNotFound"
"","2","createMenu_SaveFails()","","Thu Dec 18 06:31:44 UTC 2025","passed","Thu Dec 18 06:31:44 UTC 2025","","CREATE MENU TESTS","com.phegon.FoodApp.unit.MenuServiceImplTest$CreateMenuTests","createMenu_SaveFails"
"","2","createMenu_ModelMapperFails()","","Thu Dec 18 06:31:44 UTC 2025","passed","Thu Dec 18 06:31:44 UTC 2025","","CREATE MENU TESTS","com.phegon.FoodApp.unit.MenuServiceImplTest$CreateMenuTests","createMenu_ModelMapperFails"
"","2","createRole_FieldMappingCorrect()","","Thu Dec 18 06:31:43 UTC 2025","passed","Thu Dec 18 06:31:43 UTC 2025","","CREATE ROLE TESTS","com.phegon.FoodApp.unit.RoleServiceImplTest$CreateRoleTests","createRole_FieldMappingCorrect"
"","8","addCategory_SaveFails()","","Thu Dec 18 06:31:42 UTC 2025","passed","Thu Dec 18 06:31:42 UTC 2025","","com.phegon.FoodApp.unit.CategoryServiceImplTest.AddCategoryTests","com.phegon.FoodApp.unit.CategoryServiceImplTest$AddCategoryTests","addCategory_SaveFails"
"","3","getMenuById_ReviewSortDesc()","","Thu Dec 18 06:31:44 UTC 2025","passed","Thu Dec 18 06:31:44 UTC 2025","","GET MENU BY ID TESTS","com.phegon.FoodApp.unit.MenuServiceImplTest$GetMenuByIdTests","getMenuById_ReviewSortDesc"
"","47","testUpdateOwnAccount_NoOldImage()","","Thu Dec 18 06:31:44 UTC 2025","passed","Thu Dec 18 06:31:44 UTC 2025","","com.phegon.FoodApp.unit.UserServiceImplTest","com.phegon.FoodApp.unit.UserServiceImplTest","testUpdateOwnAccount_NoOldImage"
"","4","getCategoryById_ModelMapperFails()","","Thu Dec 18 06:31:42 UTC 2025","passed","Thu Dec 18 06:31:42 UTC 2025","","com.phegon.FoodApp.unit.CategoryServiceImplTest.GetCategoryByIdTests","com.phegon.FoodApp.unit.CategoryServiceImplTest$GetCategoryByIdTests","getCategoryById_ModelMapperFails"
"","413","spec_CategoryAndSearch()","","Thu Dec 18 06:31:43 UTC 2025","passed","Thu Dec 18 06:31:44 UTC 2025","","BUILD SPECIFICATION TESTS (FULL FIX)","com.phegon.FoodApp.unit.MenuServiceImplTest$BuildSpecificationTests","spec_CategoryAndSearch"
"","5","getMenuById_ModelMapperFails()","","Thu Dec 18 06:31:44 UTC 2025","passed","Thu Dec 18 06:31:44 UTC 2025","","GET MENU BY ID TESTS","com.phegon.FoodApp.unit.MenuServiceImplTest$GetMenuByIdTests","getMenuById_ModelMapperFails"
"","4","getMenus_ModelMapperFails()","","Thu Dec 18 06:31:44 UTC 2025","passed","Thu Dec 18 06:31:44 UTC 2025","","com.phegon.FoodApp.unit.MenuServiceImplTest.GetMenusTests","com.phegon.FoodApp.unit.MenuServiceImplTest$GetMenusTests","getMenus_ModelMapperFails"
"","4","testPlaceOrder_SendEmailThrows()","","Thu Dec 18 06:31:43 UTC 2025","passed","Thu Dec 18 06:31:43 UTC 2025","","com.phegon.FoodApp.unit.OrderServiceImplTest.PlaceOrderFromCartTests","com.phegon.FoodApp.unit.OrderServiceImplTest$PlaceOrderFromCartTests","testPlaceOrder_SendEmailThrows"
"","1","testUpdateOwnAccount_PasswordTooShort()","","Thu Dec 18 06:31:44 UTC 2025","passed","Thu Dec 18 06:31:44 UTC 2025","","com.phegon.FoodApp.unit.UserServiceImplTest","com.phegon.FoodApp.unit.UserServiceImplTest","testUpdateOwnAccount_PasswordTooShort"
"","2","createRole_Success()","","Thu Dec 18 06:31:43 UTC 2025","passed","Thu Dec 18 06:31:43 UTC 2025","","CREATE ROLE TESTS","com.phegon.FoodApp.unit.RoleServiceImplTest$CreateRoleTests","createRole_Success"
"","7","testGetAllPayments_Success()","","Thu Dec 18 06:31:43 UTC 2025","passed","Thu Dec 18 06:31:43 UTC 2025","","com.phegon.FoodApp.unit.PaymentServiceImplTest","com.phegon.FoodApp.unit.PaymentServiceImplTest","testGetAllPayments_Success"
"","3","testUpdatePayment_AmountNull()","","Thu Dec 18 06:31:43 UTC 2025","passed","Thu Dec 18 06:31:43 UTC 2025","","com.phegon.FoodApp.unit.PaymentServiceImplTest","com.phegon.FoodApp.unit.PaymentServiceImplTest","testUpdatePayment_AmountNull"
"","6","addCategory_Success()","","Thu Dec 18 06:31:42 UTC 2025","passed","Thu Dec 18 06:31:42 UTC 2025","","com.phegon.FoodApp.unit.CategoryServiceImplTest.AddCategoryTests","com.phegon.FoodApp.unit.CategoryServiceImplTest$AddCategoryTests","addCategory_Success"
"","2","testGetCurrentLoggedInUser_NotFound()","","Thu Dec 18 06:31:44 UTC 2025","passed","Thu Dec 18 06:31:44 UTC 2025","","com.phegon.FoodApp.unit.UserServiceImplTest","com.phegon.FoodApp.unit.UserServiceImplTest","testGetCurrentLoggedInUser_NotFound"
"","3","testGetPaymentById_OrderItemsMenuNull()","","Thu Dec 18 06:31:43 UTC 2025","passed","Thu Dec 18 06:31:43 UTC 2025","","com.phegon.FoodApp.unit.PaymentServiceImplTest","com.phegon.FoodApp.unit.PaymentServiceImplTest","testGetPaymentById_OrderItemsMenuNull"
"","2","getAllRoles_Success()","","Thu Dec 18 06:31:43 UTC 2025","passed","Thu Dec 18 06:31:43 UTC 2025","","GET ALL ROLES TESTS","com.phegon.FoodApp.unit.RoleServiceImplTest$GetAllRolesTests","getAllRoles_Success"
"","6","addCategory_ModelMapperFails()","","Thu Dec 18 06:31:42 UTC 2025","passed","Thu Dec 18 06:31:42 UTC 2025","","com.phegon.FoodApp.unit.CategoryServiceImplTest.AddCategoryTests","com.phegon.FoodApp.unit.CategoryServiceImplTest$AddCategoryTests","addCategory_ModelMapperFails"
"","2","getMenus_NoFilter()","","Thu Dec 18 06:31:44 UTC 2025","passed","Thu Dec 18 06:31:44 UTC 2025","","com.phegon.FoodApp.unit.MenuServiceImplTest.GetMenusTests","com.phegon.FoodApp.unit.MenuServiceImplTest$GetMenusTests","getMenus_NoFilter"
"","2","testGetAllUsers()","","Thu Dec 18 06:31:44 UTC 2025","passed","Thu Dec 18 06:31:44 UTC 2025","","com.phegon.FoodApp.unit.UserServiceImplTest","com.phegon.FoodApp.unit.UserServiceImplTest","testGetAllUsers"
"","3","testCountUniqueCustomers_Success()","","Thu Dec 18 06:31:43 UTC 2025","passed","Thu Dec 18 06:31:43 UTC 2025","","com.phegon.FoodApp.unit.OrderServiceImplTest.CountUniqueCustomersTests","com.phegon.FoodApp.unit.OrderServiceImplTest$CountUniqueCustomersTests","testCountUniqueCustomers_Success"
"","8","testUpdatePayment_TemplateError_Success()","","Thu Dec 18 06:31:43 UTC 2025","passed","Thu Dec 18 06:31:43 UTC 2025","","com.phegon.FoodApp.unit.PaymentServiceImplTest","com.phegon.FoodApp.unit.PaymentServiceImplTest","testUpdatePayment_TemplateError_Success"
"","2","createMenu_ImageNamePattern()","","Thu Dec 18 06:31:44 UTC 2025","passed","Thu Dec 18 06:31:44 UTC 2025","","CREATE MENU TESTS","com.phegon.FoodApp.unit.MenuServiceImplTest$CreateMenuTests","createMenu_ImageNamePattern"
"","17","getAllCategories_Success()","","Thu Dec 18 06:31:42 UTC 2025","passed","Thu Dec 18 06:31:42 UTC 2025","","com.phegon.FoodApp.unit.CategoryServiceImplTest.GetAllCategoriesTests","com.phegon.FoodApp.unit.CategoryServiceImplTest$GetAllCategoriesTests","getAllCategories_Success"
"","5","testGetOrderItemById_NotFound()","","Thu Dec 18 06:31:43 UTC 2025","passed","Thu Dec 18 06:31:43 UTC 2025","","com.phegon.FoodApp.unit.OrderServiceImplTest.GetOrderItemByIdTests","com.phegon.FoodApp.unit.OrderServiceImplTest$GetOrderItemByIdTests","testGetOrderItemById_NotFound"
"","2","deleteRole_NotFound()","","Thu Dec 18 06:31:43 UTC 2025","passed","Thu Dec 18 06:31:43 UTC 2025","","DELETE ROLE TESTS","com.phegon.FoodApp.unit.RoleServiceImplTest$DeleteRoleTests","deleteRole_NotFound"
"","3","testRegister_MultipleRoles_Success()","","Thu Dec 18 06:31:42 UTC 2025","passed","Thu Dec 18 06:31:42 UTC 2025","","com.phegon.FoodApp.unit.AuthServiceImplTest","com.phegon.FoodApp.unit.AuthServiceImplTest","testRegister_MultipleRoles_Success"
"","2","updateRole_RoleNameAlreadyExists()","","Thu Dec 18 06:31:43 UTC 2025","passed","Thu Dec 18 06:31:43 UTC 2025","","UPDATE ROLE TESTS","com.phegon.FoodApp.unit.RoleServiceImplTest$UpdateRoleTests","updateRole_RoleNameAlreadyExists"
"","4","testUpdateOrderStatus_OrderNotFound()","","Thu Dec 18 06:31:43 UTC 2025","passed","Thu Dec 18 06:31:43 UTC 2025","","com.phegon.FoodApp.unit.OrderServiceImplTest.UpdateOrderStatusTests","com.phegon.FoodApp.unit.OrderServiceImplTest$UpdateOrderStatusTests","testUpdateOrderStatus_OrderNotFound"
"","4","testRegisterMissingPassword()","","Thu Dec 18 06:31:42 UTC 2025","passed","Thu Dec 18 06:31:42 UTC 2025","","com.phegon.FoodApp.unit.AuthServiceImplTest","com.phegon.FoodApp.unit.AuthServiceImplTest","testRegisterMissingPassword"
"","3","testGetAllPayments_Empty()","","Thu Dec 18 06:31:43 UTC 2025","passed","Thu Dec 18 06:31:43 UTC 2025","","com.phegon.FoodApp.unit.PaymentServiceImplTest","com.phegon.FoodApp.unit.PaymentServiceImplTest","testGetAllPayments_Empty"
"","2","testRegisterMissingEmail()","","Thu Dec 18 06:31:42 UTC 2025","passed","Thu Dec 18 06:31:42 UTC 2025","","com.phegon.FoodApp.unit.AuthServiceImplTest","com.phegon.FoodApp.unit.AuthServiceImplTest","testRegisterMissingEmail"
"","3","testRegisterEmptyBody()","","Thu Dec 18 06:31:42 UTC 2025","passed","Thu Dec 18 06:31:42 UTC 2025","","com.phegon.FoodApp.unit.AuthServiceImplTest","com.phegon.FoodApp.unit.AuthServiceImplTest","testRegisterEmptyBody"
"","2","testGetCurrentLoggedInUser_Inactive()","","Thu Dec 18 06:31:44 UTC 2025","passed","Thu Dec 18 06:31:44 UTC 2025","","com.phegon.FoodApp.unit.UserServiceImplTest","com.phegon.FoodApp.unit.UserServiceImplTest","testGetCurrentLoggedInUser_Inactive"
"","5","testRegisterDefaultRole()","","Thu Dec 18 06:31:42 UTC 2025","passed","Thu Dec 18 06:31:42 UTC 2025","","com.phegon.FoodApp.unit.AuthServiceImplTest","com.phegon.FoodApp.unit.AuthServiceImplTest","testRegisterDefaultRole"
"","4","deleteMenu_DeleteFileFails()","","Thu Dec 18 06:31:44 UTC 2025","passed","Thu Dec 18 06:31:44 UTC 2025","","DELETE MENU TESTS","com.phegon.FoodApp.unit.MenuServiceImplTest$DeleteMenuTests","deleteMenu_DeleteFileFails"
"","2","updateMenu_MenuNotFound()","","Thu Dec 18 06:31:44 UTC 2025","passed","Thu Dec 18 06:31:44 UTC 2025","","UPDATE MENU TESTS","com.phegon.FoodApp.unit.MenuServiceImplTest$UpdateMenuTests","updateMenu_MenuNotFound"
"","1","testUpdateOwnAccount_UpdateAllFields()","","Thu Dec 18 06:31:44 UTC 2025","passed","Thu Dec 18 06:31:44 UTC 2025","","com.phegon.FoodApp.unit.UserServiceImplTest","com.phegon.FoodApp.unit.UserServiceImplTest","testUpdateOwnAccount_UpdateAllFields"
"","1328","deleteCategory_Success()","","Thu Dec 18 06:31:40 UTC 2025","passed","Thu Dec 18 06:31:41 UTC 2025","","com.phegon.FoodApp.unit.CategoryServiceImplTest.DeleteCategoryTests","com.phegon.FoodApp.unit.CategoryServiceImplTest$DeleteCategoryTests","deleteCategory_Success"
"","3","testUpdatePayment_SaveOrderThrows()","","Thu Dec 18 06:31:43 UTC 2025","passed","Thu Dec 18 06:31:43 UTC 2025","","com.phegon.FoodApp.unit.PaymentServiceImplTest","com.phegon.FoodApp.unit.PaymentServiceImplTest","testUpdatePayment_SaveOrderThrows"
"","2","updateMenu_CategoryNotFound()","","Thu Dec 18 06:31:44 UTC 2025","passed","Thu Dec 18 06:31:44 UTC 2025","","UPDATE MENU TESTS","com.phegon.FoodApp.unit.MenuServiceImplTest$UpdateMenuTests","updateMenu_CategoryNotFound"
"","10","testUpdateOrderStatus_Success()","","Thu Dec 18 06:31:43 UTC 2025","passed","Thu Dec 18 06:31:43 UTC 2025","","com.phegon.FoodApp.unit.OrderServiceImplTest.UpdateOrderStatusTests","com.phegon.FoodApp.unit.OrderServiceImplTest$UpdateOrderStatusTests","testUpdateOrderStatus_Success"
"","4","testGetOrdersOfUser_RemoveUserAndReviews()","","Thu Dec 18 06:31:43 UTC 2025","passed","Thu Dec 18 06:31:43 UTC 2025","","com.phegon.FoodApp.unit.OrderServiceImplTest.GetOrdersOfUserTests","com.phegon.FoodApp.unit.OrderServiceImplTest$GetOrdersOfUserTests","testGetOrdersOfUser_RemoveUserAndReviews"
"","6","testUpdatePayment_PaymentDateSet()","","Thu Dec 18 06:31:43 UTC 2025","passed","Thu Dec 18 06:31:43 UTC 2025","","com.phegon.FoodApp.unit.PaymentServiceImplTest","com.phegon.FoodApp.unit.PaymentServiceImplTest","testUpdatePayment_PaymentDateSet"
"","3","updateMenu_UploadNewImageFails()","","Thu Dec 18 06:31:44 UTC 2025","passed","Thu Dec 18 06:31:44 UTC 2025","","UPDATE MENU TESTS","com.phegon.FoodApp.unit.MenuServiceImplTest$UpdateMenuTests","updateMenu_UploadNewImageFails"
"","254","testUpdatePayment_TransactionIdNull()","","Thu Dec 18 06:31:42 UTC 2025","passed","Thu Dec 18 06:31:42 UTC 2025","","com.phegon.FoodApp.unit.PaymentServiceImplTest","com.phegon.FoodApp.unit.PaymentServiceImplTest","testUpdatePayment_TransactionIdNull"
"","6","testPlaceOrder_Success()","","Thu Dec 18 06:31:43 UTC 2025","passed","Thu Dec 18 06:31:43 UTC 2025","","com.phegon.FoodApp.unit.OrderServiceImplTest.PlaceOrderFromCartTests","com.phegon.FoodApp.unit.OrderServiceImplTest$PlaceOrderFromCartTests","testPlaceOrder_Success"
"","10","testGetAllOrders_NoStatus()","","Thu Dec 18 06:31:43 UTC 2025","passed","Thu Dec 18 06:31:43 UTC 2025","","com.phegon.FoodApp.unit.OrderServiceImplTest.GetAllOrdersTests","com.phegon.FoodApp.unit.OrderServiceImplTest$GetAllOrdersTests","testGetAllOrders_NoStatus"
"","3","testGetOrderById_Success()","","Thu Dec 18 06:31:43 UTC 2025","passed","Thu Dec 18 06:31:43 UTC 2025","","com.phegon.FoodApp.unit.OrderServiceImplTest.GetOrderByIdTests","com.phegon.FoodApp.unit.OrderServiceImplTest$GetOrderByIdTests","testGetOrderById_Success"
"","5","getAllRoles_EmptyList()","","Thu Dec 18 06:31:43 UTC 2025","passed","Thu Dec 18 06:31:43 UTC 2025","","GET ALL ROLES TESTS","com.phegon.FoodApp.unit.RoleServiceImplTest$GetAllRolesTests","getAllRoles_EmptyList"
"","2","testLoginEmpty()","","Thu Dec 18 06:31:42 UTC 2025","passed","Thu Dec 18 06:31:42 UTC 2025","","com.phegon.FoodApp.unit.AuthServiceImplTest","com.phegon.FoodApp.unit.AuthServiceImplTest","testLoginEmpty"
"","7","testGetOrdersOfUser_ModelMapperError()","","Thu Dec 18 06:31:43 UTC 2025","passed","Thu Dec 18 06:31:43 UTC 2025","","com.phegon.FoodApp.unit.OrderServiceImplTest.GetOrdersOfUserTests","com.phegon.FoodApp.unit.OrderServiceImplTest$GetOrdersOfUserTests","testGetOrdersOfUser_ModelMapperError"
"","5","deleteMenu_Success_NoImage()","","Thu Dec 18 06:31:44 UTC 2025","passed","Thu Dec 18 06:31:44 UTC 2025","","DELETE MENU TESTS","com.phegon.FoodApp.unit.MenuServiceImplTest$DeleteMenuTests","deleteMenu_Success_NoImage"
"","3","updateCategory_NotFound()","","Thu Dec 18 06:31:42 UTC 2025","passed","Thu Dec 18 06:31:42 UTC 2025","","com.phegon.FoodApp.unit.CategoryServiceImplTest.UpdateCategoryTests","com.phegon.FoodApp.unit.CategoryServiceImplTest$UpdateCategoryTests","updateCategory_NotFound"
"","5","deleteMenu_DeleteFails()","","Thu Dec 18 06:31:44 UTC 2025","passed","Thu Dec 18 06:31:44 UTC 2025","","DELETE MENU TESTS","com.phegon.FoodApp.unit.MenuServiceImplTest$DeleteMenuTests","deleteMenu_DeleteFails"
"","1","testGetCurrentLoggedInUser_Success()","","Thu Dec 18 06:31:44 UTC 2025","passed","Thu Dec 18 06:31:44 UTC 2025","","com.phegon.FoodApp.unit.UserServiceImplTest","com.phegon.FoodApp.unit.UserServiceImplTest","testGetCurrentLoggedInUser_Success"
"","3","testGetOrderItemById_ModelMapperError()","","Thu Dec 18 06:31:43 UTC 2025","passed","Thu Dec 18 06:31:43 UTC 2025","","com.phegon.FoodApp.unit.OrderServiceImplTest.GetOrderItemByIdTests","com.phegon.FoodApp.unit.OrderServiceImplTest$GetOrderItemByIdTests","testGetOrderItemById_ModelMapperError"
"","4","testOrderEmail_Success()","","Thu Dec 18 06:31:43 UTC 2025","passed","Thu Dec 18 06:31:43 UTC 2025","","com.phegon.FoodApp.unit.OrderServiceImplTest.OrderEmailTests","com.phegon.FoodApp.unit.OrderServiceImplTest$OrderEmailTests","testOrderEmail_Success"
"","3","testPlaceOrder_ClearCartThrows()","","Thu Dec 18 06:31:43 UTC 2025","passed","Thu Dec 18 06:31:43 UTC 2025","","com.phegon.FoodApp.unit.OrderServiceImplTest.PlaceOrderFromCartTests","com.phegon.FoodApp.unit.OrderServiceImplTest$PlaceOrderFromCartTests","testPlaceOrder_ClearCartThrows"
"","56","getAllCategories_ModelMapperFails()","","Thu Dec 18 06:31:42 UTC 2025","passed","Thu Dec 18 06:31:42 UTC 2025","","com.phegon.FoodApp.unit.CategoryServiceImplTest.GetAllCategoriesTests","com.phegon.FoodApp.unit.CategoryServiceImplTest$GetAllCategoriesTests","getAllCategories_ModelMapperFails"
"","2","testUpdateOwnAccount_UpdateProfileImage()","","Thu Dec 18 06:31:44 UTC 2025","passed","Thu Dec 18 06:31:44 UTC 2025","","com.phegon.FoodApp.unit.UserServiceImplTest","com.phegon.FoodApp.unit.UserServiceImplTest","testUpdateOwnAccount_UpdateProfileImage"
"","5","testGetOrderById_ModelMapperError()","","Thu Dec 18 06:31:43 UTC 2025","passed","Thu Dec 18 06:31:43 UTC 2025","","com.phegon.FoodApp.unit.OrderServiceImplTest.GetOrderByIdTests","com.phegon.FoodApp.unit.OrderServiceImplTest$GetOrderByIdTests","testGetOrderById_ModelMapperError"
"","3","testUpdatePayment_EmailFailed_Success()","","Thu Dec 18 06:31:43 UTC 2025","passed","Thu Dec 18 06:31:43 UTC 2025","","com.phegon.FoodApp.unit.PaymentServiceImplTest","com.phegon.FoodApp.unit.PaymentServiceImplTest","testUpdatePayment_EmailFailed_Success"
"","4","testUpdatePayment_Failed()","","Thu Dec 18 06:31:43 UTC 2025","passed","Thu Dec 18 06:31:43 UTC 2025","","com.phegon.FoodApp.unit.PaymentServiceImplTest","com.phegon.FoodApp.unit.PaymentServiceImplTest","testUpdatePayment_Failed"
"","5","testPlaceOrder_OrderItemsBuildCorrectly()","","Thu Dec 18 06:31:43 UTC 2025","passed","Thu Dec 18 06:31:43 UTC 2025","","com.phegon.FoodApp.unit.OrderServiceImplTest.PlaceOrderFromCartTests","com.phegon.FoodApp.unit.OrderServiceImplTest$PlaceOrderFromCartTests","testPlaceOrder_OrderItemsBuildCorrectly"
"","3","testLoginEmailNotFound()","","Thu Dec 18 06:31:42 UTC 2025","passed","Thu Dec 18 06:31:42 UTC 2025","","com.phegon.FoodApp.unit.AuthServiceImplTest","com.phegon.FoodApp.unit.AuthServiceImplTest","testLoginEmailNotFound"
"","3","testPlaceOrder_CartItemsEmpty()","","Thu Dec 18 06:31:43 UTC 2025","passed","Thu Dec 18 06:31:43 UTC 2025","","com.phegon.FoodApp.unit.OrderServiceImplTest.PlaceOrderFromCartTests","com.phegon.FoodApp.unit.OrderServiceImplTest$PlaceOrderFromCartTests","testPlaceOrder_CartItemsEmpty"
"","3","testPlaceOrder_OrderItemsSaveThrows()","","Thu Dec 18 06:31:43 UTC 2025","passed","Thu Dec 18 06:31:43 UTC 2025","","com.phegon.FoodApp.unit.OrderServiceImplTest.PlaceOrderFromCartTests","com.phegon.FoodApp.unit.OrderServiceImplTest$PlaceOrderFromCartTests","testPlaceOrder_OrderItemsSaveThrows"
"","4","testPlaceOrder_OrderSavedOnce()","","Thu Dec 18 06:31:43 UTC 2025","passed","Thu Dec 18 06:31:43 UTC 2025","","com.phegon.FoodApp.unit.OrderServiceImplTest.PlaceOrderFromCartTests","com.phegon.FoodApp.unit.OrderServiceImplTest$PlaceOrderFromCartTests","testPlaceOrder_OrderSavedOnce"
"","4","testGetAllOrders_ModelMapperError()","","Thu Dec 18 06:31:43 UTC 2025","passed","Thu Dec 18 06:31:43 UTC 2025","","com.phegon.FoodApp.unit.OrderServiceImplTest.GetAllOrdersTests","com.phegon.FoodApp.unit.OrderServiceImplTest$GetAllOrdersTests","testGetAllOrders_ModelMapperError"
"","11","deleteCategory_NotFound()","","Thu Dec 18 06:31:41 UTC 2025","passed","Thu Dec 18 06:31:41 UTC 2025","","com.phegon.FoodApp.unit.CategoryServiceImplTest.DeleteCategoryTests","com.phegon.FoodApp.unit.CategoryServiceImplTest$DeleteCategoryTests","deleteCategory_NotFound"
"","2","createRole_ModelMapper_ToDTO_Fails()","","Thu Dec 18 06:31:43 UTC 2025","passed","Thu Dec 18 06:31:43 UTC 2025","","CREATE ROLE TESTS","com.phegon.FoodApp.unit.RoleServiceImplTest$CreateRoleTests","createRole_ModelMapper_ToDTO_Fails"
"","5","getMenuById_NotFound()","","Thu Dec 18 06:31:44 UTC 2025","passed","Thu Dec 18 06:31:44 UTC 2025","","GET MENU BY ID TESTS","com.phegon.FoodApp.unit.MenuServiceImplTest$GetMenuByIdTests","getMenuById_NotFound"
"","3","testLoginMissingPassword()","","Thu Dec 18 06:31:42 UTC 2025","passed","Thu Dec 18 06:31:42 UTC 2025","","com.phegon.FoodApp.unit.AuthServiceImplTest","com.phegon.FoodApp.unit.AuthServiceImplTest","testLoginMissingPassword"
"","9","testCountUniqueCustomers_DBError()","","Thu Dec 18 06:31:43 UTC 2025","passed","Thu Dec 18 06:31:43 UTC 2025","","com.phegon.FoodApp.unit.OrderServiceImplTest.CountUniqueCustomersTests","com.phegon.FoodApp.unit.OrderServiceImplTest$CountUniqueCustomersTests","testCountUniqueCustomers_DBError"
"","2","createRole_ModelMapper_ToEntity_Fails()","","Thu Dec 18 06:31:43 UTC 2025","passed","Thu Dec 18 06:31:43 UTC 2025","","CREATE ROLE TESTS","com.phegon.FoodApp.unit.RoleServiceImplTest$CreateRoleTests","createRole_ModelMapper_ToEntity_Fails"
"","4","updateCategory_Success()","","Thu Dec 18 06:31:42 UTC 2025","passed","Thu Dec 18 06:31:42 UTC 2025","","com.phegon.FoodApp.unit.CategoryServiceImplTest.UpdateCategoryTests","com.phegon.FoodApp.unit.CategoryServiceImplTest$UpdateCategoryTests","updateCategory_Success"
"","3","deleteMenu_NotFound()","","Thu Dec 18 06:31:44 UTC 2025","passed","Thu Dec 18 06:31:44 UTC 2025","","DELETE MENU TESTS","com.phegon.FoodApp.unit.MenuServiceImplTest$DeleteMenuTests","deleteMenu_NotFound"
"","3","testUpdatePayment_Failed_NoFailureReason()","","Thu Dec 18 06:31:43 UTC 2025","passed","Thu Dec 18 06:31:43 UTC 2025","","com.phegon.FoodApp.unit.PaymentServiceImplTest","com.phegon.FoodApp.unit.PaymentServiceImplTest","testUpdatePayment_Failed_NoFailureReason"
"","8","testUpdatePayment_EmailFailed_Failed()","","Thu Dec 18 06:31:43 UTC 2025","passed","Thu Dec 18 06:31:43 UTC 2025","","com.phegon.FoodApp.unit.PaymentServiceImplTest","com.phegon.FoodApp.unit.PaymentServiceImplTest","testUpdatePayment_EmailFailed_Failed"
"","177","testOrderEmail_TemplateError()","","Thu Dec 18 06:31:43 UTC 2025","passed","Thu Dec 18 06:31:43 UTC 2025","","com.phegon.FoodApp.unit.OrderServiceImplTest.OrderEmailTests","com.phegon.FoodApp.unit.OrderServiceImplTest$OrderEmailTests","testOrderEmail_TemplateError"
"","3","testGetOrderItemById_Success()","","Thu Dec 18 06:31:43 UTC 2025","passed","Thu Dec 18 06:31:43 UTC 2025","","com.phegon.FoodApp.unit.OrderServiceImplTest.GetOrderItemByIdTests","com.phegon.FoodApp.unit.OrderServiceImplTest$GetOrderItemByIdTests","testGetOrderItemById_Success"
"","3","getMenus_EmptyList()","","Thu Dec 18 06:31:44 UTC 2025","passed","Thu Dec 18 06:31:44 UTC 2025","","com.phegon.FoodApp.unit.MenuServiceImplTest.GetMenusTests","com.phegon.FoodApp.unit.MenuServiceImplTest$GetMenusTests","getMenus_EmptyList"
"","4","testGetAllOrders_WithStatus()","","Thu Dec 18 06:31:43 UTC 2025","passed","Thu Dec 18 06:31:43 UTC 2025","","com.phegon.FoodApp.unit.OrderServiceImplTest.GetAllOrdersTests","com.phegon.FoodApp.unit.OrderServiceImplTest$GetAllOrdersTests","testGetAllOrders_WithStatus"
"","2","testUpdateOwnAccount_InvalidPhoneNumber_NotNumeric()","","Thu Dec 18 06:31:44 UTC 2025","passed","Thu Dec 18 06:31:44 UTC 2025","","com.phegon.FoodApp.unit.UserServiceImplTest","com.phegon.FoodApp.unit.UserServiceImplTest","testUpdateOwnAccount_InvalidPhoneNumber_NotNumeric"
"","2","createMenu_CategoryNotFound()","","Thu Dec 18 06:31:44 UTC 2025","passed","Thu Dec 18 06:31:44 UTC 2025","","CREATE MENU TESTS","com.phegon.FoodApp.unit.MenuServiceImplTest$CreateMenuTests","createMenu_CategoryNotFound"
"","1","testUpdateOwnAccount_UpdateEmailExists()","","Thu Dec 18 06:31:44 UTC 2025","passed","Thu Dec 18 06:31:44 UTC 2025","","com.phegon.FoodApp.unit.UserServiceImplTest","com.phegon.FoodApp.unit.UserServiceImplTest","testUpdateOwnAccount_UpdateEmailExists"
"","3","testInitializePayment_AmountNotTally()","","Thu Dec 18 06:31:43 UTC 2025","passed","Thu Dec 18 06:31:43 UTC 2025","","com.phegon.FoodApp.unit.PaymentServiceImplTest","com.phegon.FoodApp.unit.PaymentServiceImplTest","testInitializePayment_AmountNotTally"
"","3","testInitializePayment_MissingMetadata()","","Thu Dec 18 06:31:43 UTC 2025","passed","Thu Dec 18 06:31:43 UTC 2025","","com.phegon.FoodApp.unit.PaymentServiceImplTest","com.phegon.FoodApp.unit.PaymentServiceImplTest","testInitializePayment_MissingMetadata"
"","3","testGetOrderItemById_MenuMappingCorrect()","","Thu Dec 18 06:31:43 UTC 2025","passed","Thu Dec 18 06:31:43 UTC 2025","","com.phegon.FoodApp.unit.OrderServiceImplTest.GetOrderItemByIdTests","com.phegon.FoodApp.unit.OrderServiceImplTest$GetOrderItemByIdTests","testGetOrderItemById_MenuMappingCorrect"
"","10","addCategory_FieldMappingCorrect()","","Thu Dec 18 06:31:42 UTC 2025","passed","Thu Dec 18 06:31:42 UTC 2025","","com.phegon.FoodApp.unit.CategoryServiceImplTest.AddCategoryTests","com.phegon.FoodApp.unit.CategoryServiceImplTest$AddCategoryTests","addCategory_FieldMappingCorrect"
"","2","updateMenu_Success_NoImageChange()","","Thu Dec 18 06:31:44 UTC 2025","passed","Thu Dec 18 06:31:44 UTC 2025","","UPDATE MENU TESTS","com.phegon.FoodApp.unit.MenuServiceImplTest$UpdateMenuTests","updateMenu_Success_NoImageChange"
"","2","createRole_SaveFails()","","Thu Dec 18 06:31:43 UTC 2025","passed","Thu Dec 18 06:31:43 UTC 2025","","CREATE ROLE TESTS","com.phegon.FoodApp.unit.RoleServiceImplTest$CreateRoleTests","createRole_SaveFails"
"","5","testLoginSuccess()","","Thu Dec 18 06:31:42 UTC 2025","passed","Thu Dec 18 06:31:42 UTC 2025","","com.phegon.FoodApp.unit.AuthServiceImplTest","com.phegon.FoodApp.unit.AuthServiceImplTest","testLoginSuccess"
"","5","testRegisterInvalidEmailFormat()","","Thu Dec 18 06:31:42 UTC 2025","passed","Thu Dec 18 06:31:42 UTC 2025","","com.phegon.FoodApp.unit.AuthServiceImplTest","com.phegon.FoodApp.unit.AuthServiceImplTest","testRegisterInvalidEmailFormat"
"","3","testGetPaymentById_OrderNull()","","Thu Dec 18 06:31:43 UTC 2025","passed","Thu Dec 18 06:31:43 UTC 2025","","com.phegon.FoodApp.unit.PaymentServiceImplTest","com.phegon.FoodApp.unit.PaymentServiceImplTest","testGetPaymentById_OrderNull"
"","2","updateMenu_FieldMappingCorrect()","","Thu Dec 18 06:31:44 UTC 2025","passed","Thu Dec 18 06:31:44 UTC 2025","","UPDATE MENU TESTS","com.phegon.FoodApp.unit.MenuServiceImplTest$UpdateMenuTests","updateMenu_FieldMappingCorrect"
"","2","updateRole_RoleNotFound()","","Thu Dec 18 06:31:43 UTC 2025","passed","Thu Dec 18 06:31:43 UTC 2025","","UPDATE ROLE TESTS","com.phegon.FoodApp.unit.RoleServiceImplTest$UpdateRoleTests","updateRole_RoleNotFound"
"","2","testLoginMissingEmail()","","Thu Dec 18 06:31:42 UTC 2025","passed","Thu Dec 18 06:31:42 UTC 2025","","com.phegon.FoodApp.unit.AuthServiceImplTest","com.phegon.FoodApp.unit.AuthServiceImplTest","testLoginMissingEmail"
"","2","deleteRole_DeleteFails()","","Thu Dec 18 06:31:43 UTC 2025","passed","Thu Dec 18 06:31:43 UTC 2025","","DELETE ROLE TESTS","com.phegon.FoodApp.unit.RoleServiceImplTest$DeleteRoleTests","deleteRole_DeleteFails"
"","3","testInitializePayment_OrderNotFound()","","Thu Dec 18 06:31:43 UTC 2025","passed","Thu Dec 18 06:31:43 UTC 2025","","com.phegon.FoodApp.unit.PaymentServiceImplTest","com.phegon.FoodApp.unit.PaymentServiceImplTest","testInitializePayment_OrderNotFound"
"","14","getCategoryById_Success()","","Thu Dec 18 06:31:42 UTC 2025","passed","Thu Dec 18 06:31:42 UTC 2025","","com.phegon.FoodApp.unit.CategoryServiceImplTest.GetCategoryByIdTests","com.phegon.FoodApp.unit.CategoryServiceImplTest$GetCategoryByIdTests","getCategoryById_Success"
"","11","getAllCategories_EmptyList()","","Thu Dec 18 06:31:42 UTC 2025","passed","Thu Dec 18 06:31:42 UTC 2025","","com.phegon.FoodApp.unit.CategoryServiceImplTest.GetAllCategoriesTests","com.phegon.FoodApp.unit.CategoryServiceImplTest$GetAllCategoriesTests","getAllCategories_EmptyList"
"","3","getCategoryById_FieldMappingCorrect()","","Thu Dec 18 06:31:42 UTC 2025","passed","Thu Dec 18 06:31:42 UTC 2025","","com.phegon.FoodApp.unit.CategoryServiceImplTest.GetCategoryByIdTests","com.phegon.FoodApp.unit.CategoryServiceImplTest$GetCategoryByIdTests","getCategoryById_FieldMappingCorrect"
"","2","testGetOwnAccountDetails()","","Thu Dec 18 06:31:44 UTC 2025","passed","Thu Dec 18 06:31:44 UTC 2025","","com.phegon.FoodApp.unit.UserServiceImplTest","com.phegon.FoodApp.unit.UserServiceImplTest","testGetOwnAccountDetails"
"","5","testGetPaymentById_Success()","","Thu Dec 18 06:31:43 UTC 2025","passed","Thu Dec 18 06:31:43 UTC 2025","","com.phegon.FoodApp.unit.PaymentServiceImplTest","com.phegon.FoodApp.unit.PaymentServiceImplTest","testGetPaymentById_Success"
"","3","testGetAllOrders_OrderItemsMenuReviewsSetNull()","","Thu Dec 18 06:31:43 UTC 2025","passed","Thu Dec 18 06:31:43 UTC 2025","","com.phegon.FoodApp.unit.OrderServiceImplTest.GetAllOrdersTests","com.phegon.FoodApp.unit.OrderServiceImplTest$GetAllOrdersTests","testGetAllOrders_OrderItemsMenuReviewsSetNull"
"","4","deleteMenu_Success_WithImage()","","Thu Dec 18 06:31:44 UTC 2025","passed","Thu Dec 18 06:31:44 UTC 2025","","DELETE MENU TESTS","com.phegon.FoodApp.unit.MenuServiceImplTest$DeleteMenuTests","deleteMenu_Success_WithImage"
"","4","testPlaceOrder_ModelMapperError()","","Thu Dec 18 06:31:43 UTC 2025","passed","Thu Dec 18 06:31:43 UTC 2025","","com.phegon.FoodApp.unit.OrderServiceImplTest.PlaceOrderFromCartTests","com.phegon.FoodApp.unit.OrderServiceImplTest$PlaceOrderFromCartTests","testPlaceOrder_ModelMapperError"
"","293","testInitializePayment_Success()","","Thu Dec 18 06:31:42 UTC 2025","passed","Thu Dec 18 06:31:43 UTC 2025","","com.phegon.FoodApp.unit.PaymentServiceImplTest","com.phegon.FoodApp.unit.PaymentServiceImplTest","testInitializePayment_Success"
"","3","testLoginInvalidEmailFormat()","","Thu Dec 18 06:31:42 UTC 2025","passed","Thu Dec 18 06:31:42 UTC 2025","","com.phegon.FoodApp.unit.AuthServiceImplTest","com.phegon.FoodApp.unit.AuthServiceImplTest","testLoginInvalidEmailFormat"
"","3","testInitializePayment_StripeThrows()","","Thu Dec 18 06:31:43 UTC 2025","passed","Thu Dec 18 06:31:43 UTC 2025","","com.phegon.FoodApp.unit.PaymentServiceImplTest","com.phegon.FoodApp.unit.PaymentServiceImplTest","testInitializePayment_StripeThrows"
"","3","testInitializePayment_AmountNull()","","Thu Dec 18 06:31:43 UTC 2025","passed","Thu Dec 18 06:31:43 UTC 2025","","com.phegon.FoodApp.unit.PaymentServiceImplTest","com.phegon.FoodApp.unit.PaymentServiceImplTest","testInitializePayment_AmountNull"
"","3","updateMenu_SaveFails()","","Thu Dec 18 06:31:44 UTC 2025","passed","Thu Dec 18 06:31:44 UTC 2025","","UPDATE MENU TESTS","com.phegon.FoodApp.unit.MenuServiceImplTest$UpdateMenuTests","updateMenu_SaveFails"
"","2","testUpdateOwnAccount_InvalidEmailFormat()","","Thu Dec 18 06:31:44 UTC 2025","passed","Thu Dec 18 06:31:44 UTC 2025","","com.phegon.FoodApp.unit.UserServiceImplTest","com.phegon.FoodApp.unit.UserServiceImplTest","testUpdateOwnAccount_InvalidEmailFormat"
"","2","testUpdatePayment_OrderNotFound()","","Thu Dec 18 06:31:43 UTC 2025","passed","Thu Dec 18 06:31:43 UTC 2025","","com.phegon.FoodApp.unit.PaymentServiceImplTest","com.phegon.FoodApp.unit.PaymentServiceImplTest","testUpdatePayment_OrderNotFound"
"","7","testGetOrderById_NotFound()","","Thu Dec 18 06:31:43 UTC 2025","passed","Thu Dec 18 06:31:43 UTC 2025","","com.phegon.FoodApp.unit.OrderServiceImplTest.GetOrderByIdTests","com.phegon.FoodApp.unit.OrderServiceImplTest$GetOrderByIdTests","testGetOrderById_NotFound"
"","3","testPlaceOrder_CartItemsNull()","","Thu Dec 18 06:31:43 UTC 2025","passed","Thu Dec 18 06:31:43 UTC 2025","","com.phegon.FoodApp.unit.OrderServiceImplTest.PlaceOrderFromCartTests","com.phegon.FoodApp.unit.OrderServiceImplTest$PlaceOrderFromCartTests","testPlaceOrder_CartItemsNull"
"","3","testInitializePayment_InvalidMetadata()","","Thu Dec 18 06:31:43 UTC 2025","passed","Thu Dec 18 06:31:43 UTC 2025","","com.phegon.FoodApp.unit.PaymentServiceImplTest","com.phegon.FoodApp.unit.PaymentServiceImplTest","testInitializePayment_InvalidMetadata"
"","5","testPlaceOrder_PaymentLinkCorrectInEmail()","","Thu Dec 18 06:31:43 UTC 2025","passed","Thu Dec 18 06:31:43 UTC 2025","","com.phegon.FoodApp.unit.OrderServiceImplTest.PlaceOrderFromCartTests","com.phegon.FoodApp.unit.OrderServiceImplTest$PlaceOrderFromCartTests","testPlaceOrder_PaymentLinkCorrectInEmail"
"","4","testPlaceOrder_ClearCartCalled()","","Thu Dec 18 06:31:43 UTC 2025","passed","Thu Dec 18 06:31:43 UTC 2025","","com.phegon.FoodApp.unit.OrderServiceImplTest.PlaceOrderFromCartTests","com.phegon.FoodApp.unit.OrderServiceImplTest$PlaceOrderFromCartTests","testPlaceOrder_ClearCartCalled"
"","2","updateRole_Success()","","Thu Dec 18 06:31:43 UTC 2025","passed","Thu Dec 18 06:31:43 UTC 2025","","UPDATE ROLE TESTS","com.phegon.FoodApp.unit.RoleServiceImplTest$UpdateRoleTests","updateRole_Success"
"","5","spec_CategoryOnly()","","Thu Dec 18 06:31:44 UTC 2025","passed","Thu Dec 18 06:31:44 UTC 2025","","BUILD SPECIFICATION TESTS (FULL FIX)","com.phegon.FoodApp.unit.MenuServiceImplTest$BuildSpecificationTests","spec_CategoryOnly"
"","3","testGetPaymentById_UserNull()","","Thu Dec 18 06:31:43 UTC 2025","passed","Thu Dec 18 06:31:43 UTC 2025","","com.phegon.FoodApp.unit.PaymentServiceImplTest","com.phegon.FoodApp.unit.PaymentServiceImplTest","testGetPaymentById_UserNull"
"","2","testRegister_EmailHasWhitespace()","","Thu Dec 18 06:31:42 UTC 2025","passed","Thu Dec 18 06:31:42 UTC 2025","","com.phegon.FoodApp.unit.AuthServiceImplTest","com.phegon.FoodApp.unit.AuthServiceImplTest","testRegister_EmailHasWhitespace"
"","4","testGetPaymentById_ModelMapperError()","","Thu Dec 18 06:31:43 UTC 2025","passed","Thu Dec 18 06:31:43 UTC 2025","","com.phegon.FoodApp.unit.PaymentServiceImplTest","com.phegon.FoodApp.unit.PaymentServiceImplTest","testGetPaymentById_ModelMapperError"
"","2","getMenuById_ReviewNullList()","","Thu Dec 18 06:31:44 UTC 2025","passed","Thu Dec 18 06:31:44 UTC 2025","","GET MENU BY ID TESTS","com.phegon.FoodApp.unit.MenuServiceImplTest$GetMenuByIdTests","getMenuById_ReviewNullList"
"","4","updateMenu_Success_WithImageChange()","","Thu Dec 18 06:31:44 UTC 2025","passed","Thu Dec 18 06:31:44 UTC 2025","","UPDATE MENU TESTS","com.phegon.FoodApp.unit.MenuServiceImplTest$UpdateMenuTests","updateMenu_Success_WithImageChange"
"","3","spec_NoFilters()","","Thu Dec 18 06:31:44 UTC 2025","passed","Thu Dec 18 06:31:44 UTC 2025","","BUILD SPECIFICATION TESTS (FULL FIX)","com.phegon.FoodApp.unit.MenuServiceImplTest$BuildSpecificationTests","spec_NoFilters"
"","3","testInitializePayment_TotalAmountZero()","","Thu Dec 18 06:31:43 UTC 2025","passed","Thu Dec 18 06:31:43 UTC 2025","","com.phegon.FoodApp.unit.PaymentServiceImplTest","com.phegon.FoodApp.unit.PaymentServiceImplTest","testInitializePayment_TotalAmountZero"
"","2","testUpdateOwnAccount_UpdateNothing()","","Thu Dec 18 06:31:44 UTC 2025","passed","Thu Dec 18 06:31:44 UTC 2025","","com.phegon.FoodApp.unit.UserServiceImplTest","com.phegon.FoodApp.unit.UserServiceImplTest","testUpdateOwnAccount_UpdateNothing"
"","3","testRegisterInvalidPhoneNotNumeric()","","Thu Dec 18 06:31:42 UTC 2025","passed","Thu Dec 18 06:31:42 UTC 2025","","com.phegon.FoodApp.unit.AuthServiceImplTest","com.phegon.FoodApp.unit.AuthServiceImplTest","testRegisterInvalidPhoneNotNumeric"
"","2","getMenus_WithCategoryAndSearch()","","Thu Dec 18 06:31:44 UTC 2025","passed","Thu Dec 18 06:31:44 UTC 2025","","com.phegon.FoodApp.unit.MenuServiceImplTest.GetMenusTests","com.phegon.FoodApp.unit.MenuServiceImplTest$GetMenusTests","getMenus_WithCategoryAndSearch"
"","2","updateRole_FieldMappingCorrect()","","Thu Dec 18 06:31:43 UTC 2025","passed","Thu Dec 18 06:31:43 UTC 2025","","UPDATE ROLE TESTS","com.phegon.FoodApp.unit.RoleServiceImplTest$UpdateRoleTests","updateRole_FieldMappingCorrect"
"","4","deleteRole_Success()","","Thu Dec 18 06:31:43 UTC 2025","passed","Thu Dec 18 06:31:43 UTC 2025","","DELETE ROLE TESTS","com.phegon.FoodApp.unit.RoleServiceImplTest$DeleteRoleTests","deleteRole_Success"
"","2","createMenu_ImageEmpty()","","Thu Dec 18 06:31:44 UTC 2025","passed","Thu Dec 18 06:31:44 UTC 2025","","CREATE MENU TESTS","com.phegon.FoodApp.unit.MenuServiceImplTest$CreateMenuTests","createMenu_ImageEmpty"
"","3","testRegisterInvalidPassword()","","Thu Dec 18 06:31:42 UTC 2025","passed","Thu Dec 18 06:31:42 UTC 2025","","com.phegon.FoodApp.unit.AuthServiceImplTest","com.phegon.FoodApp.unit.AuthServiceImplTest","testRegisterInvalidPassword"
"","6","testInitializePayment_StripeKeyNull()","","Thu Dec 18 06:31:43 UTC 2025","passed","Thu Dec 18 06:31:43 UTC 2025","","com.phegon.FoodApp.unit.PaymentServiceImplTest","com.phegon.FoodApp.unit.PaymentServiceImplTest","testInitializePayment_StripeKeyNull"
"","44","updateMenu_ImageNamePattern()","","Thu Dec 18 06:31:44 UTC 2025","passed","Thu Dec 18 06:31:44 UTC 2025","","UPDATE MENU TESTS","com.phegon.FoodApp.unit.MenuServiceImplTest$UpdateMenuTests","updateMenu_ImageNamePattern"
"","6","testPlaceOrder_SendEmailCalled()","","Thu Dec 18 06:31:43 UTC 2025","passed","Thu Dec 18 06:31:43 UTC 2025","","com.phegon.FoodApp.unit.OrderServiceImplTest.PlaceOrderFromCartTests","com.phegon.FoodApp.unit.OrderServiceImplTest$PlaceOrderFromCartTests","testPlaceOrder_SendEmailCalled"
"","2","testDeactivateOwnAccount_UserAlreadyInactive()","","Thu Dec 18 06:31:44 UTC 2025","passed","Thu Dec 18 06:31:44 UTC 2025","","com.phegon.FoodApp.unit.UserServiceImplTest","com.phegon.FoodApp.unit.UserServiceImplTest","testDeactivateOwnAccount_UserAlreadyInactive"
"","4","testRegisterMissingName()","","Thu Dec 18 06:31:42 UTC 2025","passed","Thu Dec 18 06:31:42 UTC 2025","","com.phegon.FoodApp.unit.AuthServiceImplTest","com.phegon.FoodApp.unit.AuthServiceImplTest","testRegisterMissingName"
"","3","testGetOrdersOfUser_EmptyList()","","Thu Dec 18 06:31:43 UTC 2025","passed","Thu Dec 18 06:31:43 UTC 2025","","com.phegon.FoodApp.unit.OrderServiceImplTest.GetOrdersOfUserTests","com.phegon.FoodApp.unit.OrderServiceImplTest$GetOrdersOfUserTests","testGetOrdersOfUser_EmptyList"
"","4","testInitializePayment_AlreadyCompleted()","","Thu Dec 18 06:31:43 UTC 2025","passed","Thu Dec 18 06:31:43 UTC 2025","","com.phegon.FoodApp.unit.PaymentServiceImplTest","com.phegon.FoodApp.unit.PaymentServiceImplTest","testInitializePayment_AlreadyCompleted"
"","2","testDeactivateOwnAccount_Success()","","Thu Dec 18 06:31:44 UTC 2025","passed","Thu Dec 18 06:31:44 UTC 2025","","com.phegon.FoodApp.unit.UserServiceImplTest","com.phegon.FoodApp.unit.UserServiceImplTest","testDeactivateOwnAccount_Success"
"","203","testRegisterInvalidPhoneTooShort()","","Thu Dec 18 06:31:42 UTC 2025","passed","Thu Dec 18 06:31:42 UTC 2025","","com.phegon.FoodApp.unit.AuthServiceImplTest","com.phegon.FoodApp.unit.AuthServiceImplTest","testRegisterInvalidPhoneTooShort"
"","4","testLoginWrongPassword()","","Thu Dec 18 06:31:42 UTC 2025","passed","Thu Dec 18 06:31:42 UTC 2025","","com.phegon.FoodApp.unit.AuthServiceImplTest","com.phegon.FoodApp.unit.AuthServiceImplTest","testLoginWrongPassword"
